[{"Link":"https://www.loopnet.com/alabama_government-properties-for-sale/"},{"Link":"https://www.loopnet.com/alaska_government-properties-for-sale/"},{"Link":"https://www.loopnet.com/arizona_government-properties-for-sale/"},{"Link":"https://www.loopnet.com/arkansas_government-properties-for-sale/"},{"Link":"https://www.loopnet.com/california_government-properties-for-sale/"},{"Link":"https://www.loopnet.com/colorado_government-properties-for-sale/"},{"Link":"https://www.loopnet.com/connecticut_government-properties-for-sale/"},{"Link":"https://www.loopnet.com/delaware_government-properties-for-sale/"},{"Link":"https://www.loopnet.com/florida_government-properties-for-sale/"},{"Link":"https://www.loopnet.com/georgia_government-properties-for-sale/"},{"Link":"https://www.loopnet.com/hawaii_government-properties-for-sale/"},{"Link":"https://www.loopnet.com/idaho_government-properties-for-sale/"},{"Link":"https://www.loopnet.com/illinois_government-properties-for-sale/"},{"Link":"https://www.loopnet.com/indiana_government-properties-for-sale/"},{"Link":"https://www.loopnet.com/iowa_government-properties-for-sale/"},{"Link":"https://www.loopnet.com/kansas_government-properties-for-sale/"},{"Link":"https://www.loopnet.com/kentucky_government-properties-for-sale/"},{"Link":"https://www.loopnet.com/louisiana_government-properties-for-sale/"},{"Link":"https://www.loopnet.com/maine_government-properties-for-sale/"},{"Link":"https://www.loopnet.com/maryland_government-properties-for-sale/"},{"Link":"https://www.loopnet.com/massachusetts_government-properties-for-sale/"},{"Link":"https://www.loopnet.com/michigan_government-properties-for-sale/"},{"Link":"https://www.loopnet.com/minnesota_government-properties-for-sale/"},{"Link":"https://www.loopnet.com/mississippi_government-properties-for-sale/"},{"Link":"https://www.loopnet.com/missouri_government-properties-for-sale/"},{"Link":"https://www.loopnet.com/montana_government-properties-for-sale/"},{"Link":"https://www.loopnet.com/nebraska_government-properties-for-sale/"},{"Link":"https://www.loopnet.com/nevada_government-properties-for-sale/"},{"Link":"https://www.loopnet.com/new-hampshire_government-properties-for-sale/"},{"Link":"https://www.loopnet.com/new-jersey_government-properties-for-sale/"},{"Link":"https://www.loopnet.com/new-mexico_government-properties-for-sale/"},{"Link":"https://www.loopnet.com/new-york_government-properties-for-sale/"},{"Link":"https://www.loopnet.com/north-carolina_government-properties-for-sale/"},{"Link":"https://www.loopnet.com/north-dakota_government-properties-for-sale/"},{"Link":"https://www.loopnet.com/ohio_government-properties-for-sale/"},{"Link":"https://www.loopnet.com/oklahoma_government-properties-for-sale/"},{"Link":"https://www.loopnet.com/oregon_government-properties-for-sale/"},{"Link":"https://www.loopnet.com/pennsylvania_government-properties-for-sale/"},{"Link":"https://www.loopnet.com/rhode-island_government-properties-for-sale/"},{"Link":"https://www.loopnet.com/south-carolina_government-properties-for-sale/"},{"Link":"https://www.loopnet.com/south-dakota_government-properties-for-sale/"},{"Link":"https://www.loopnet.com/tennessee_government-properties-for-sale/"},{"Link":"https://www.loopnet.com/texas_government-properties-for-sale/"},{"Link":"https://www.loopnet.com/utah_government-properties-for-sale/"},{"Link":"https://www.loopnet.com/vermont_government-properties-for-sale/"},{"Link":"https://www.loopnet.com/virginia_government-properties-for-sale/"},{"Link":"https://www.loopnet.com/washington_government-properties-for-sale/"},{"Link":"https://www.loopnet.com/west-virginia_government-properties-for-sale/"},{"Link":"https://www.loopnet.com/wisconsin_government-properties-for-sale/"},{"Link":"https://www.loopnet.com/wyoming_government-properties-for-sale/"},{"Link":"https://www.loopnet.com/district-of-columbia/washington_government-properties-for-sale/"}]
