[
    {
        "Text": ""
    },
    {
        "Text": ""
    },
    {
        "Text": ""
    },
    {
        "Text": "Skip to content\n\n35% OFF SITEWIDE | X2 POINTS FOR REWARDS\nWhat'S New\nWhat'S New\nShop All\nShop All\nThe Holiday Collection\nThe Holiday Collection\nCollections\nDresses\nDresses\nTops\nTops\nShoes\nShoes\nAccessories\nAccessories\nFinal Sale\nMy Account\nCart (0)\nCLOTHING\n1126 Products\nSORT\nChic In The City Plaid Coat\n$88.00\nNOTIFY ME WHEN AVAILABLE\nSOLD OUT\nCocoa Puffer Coat\n$52.00\nCozy Mornings Turtleneck Sweater\n$64.00\nTake Me Out Puff Sleeve Top\n$58.00\nGive Me The Tea Top\n$49.00\nThis Or That Reversible Coat\n$54.00\nPass The Pie Corduroy Blazer\n$90.00\nFinley Woven Babydoll Dress\n$108.00\nNOTIFY ME WHEN AVAILABLE\nSOLD OUT\nWhite Don'T Mind Me Top\n$34.00\nOlive Blame It On Me Top\n$54.00\nCognac Blame It On Me Top\n$54.00\nWine Holiday Romance Dress\n$54.00\nBlue Holiday Romance Dress\n$54.00\nNOTIFY ME WHEN AVAILABLE\nSOLD OUT\nRun With It Leopard Print Top\n$30.00\nOlive Keep Cozy Sweater\n$64.00\n90\u2019S Babe Button Up\n$56.00\nEspresso Fall In Love Dress\n$62.00\nBlack Fall In Love Dress\n$62.00\nPut On A Smile Top\n$84.00\nPeach Snowed In Oversized Bomber\n$88.00\nCream Snowed In Oversized Bomber\n$88.00\nNOTIFY ME WHEN AVAILABLE\nSOLD OUT\nJust Another Notch Ring\n$14.00\nVIP List Ring\n$22.00\nNOTIFY ME WHEN AVAILABLE\nSOLD OUT\nLana Lock Necklace\n$19.00\nDrop The Ball Earrings\n$22.00\nMagenta Nights On Broadway Velvet Dress\n$58.00\nBlue Twisted Together Top\n$42.00\nBlack Twisted Together Top\n$42.00\nOlive Twisted Together Top\n$42.00\nCharcoal Twisted Together Top\n$42.00\nWOMEN\u2019S BOUTIQUE CLOTHING AT LANE 201\nWith almost 1,000 pieces in our clothing collection, it\u2019s no wonder that so many women are turning to Lane 201 to find new outfits. From work blouses and casual tops to summer dresses and formal frocks, our selection is constantly growing and responding to your needs as a woman on the go! When you choose to explore the women\u2019s boutique clothing at Lane 201, all the closet candy you can imagine is right here at your fingertips!\nDRESSES & ROMPERS\nEverybody loves a dress or romper! One piece that\u2019s versatile and easy to throw on is something every woman needs in her closet. Lane 201 brings you a huge selection of sophisticated dresses, rompers, and jumpsuits that work for every occasion. Whether you need a breezy sundress or a modest piece for the office, we have it all in our women\u2019s boutique clothing collection!\nTOPS & BOTTOMS\nCasual basics, professional wear, and unique show stoppers are all part of the collections at Lane 201. Simple pieces like tanks, tees, and jeans make it easy to dress for a laidback day, while eye-catching items including kimonos and contemporary wide legged pants are the perfect choice for a boho brunch with the girls.\nOUTERWEAR\nSweaters, cardigans, jackets, and coats are all must-have seasonal pieces. Keep your collection flexible when you shop outerwear essentials including denim jackets, peacoats, plush vests, and more at Lane 201.\nTHE LANE 201 PROMISE\nOur company strives to make shopping easier than ever for the busy women of today\u2019s world. At Lane 201, you have the convenience of shopping online as well as stopping by in-store to pick up products, try on women\u2019s boutique clothing, or chat with our customer service team. We\u2019re always here to help, so drop us a line today!\nLANE 201\n510 Broadway Street\nNew Haven, IN 46774\nEmail: info@lane201.com\nCall or Text: 260-444-9147\nINFO\nAbout Us\nContact Us\nFAQ\nSitemap\nCareers\nVIP Text Club\nHELP\nSizing Guide\nShipping\nReturns\nGift Card\nPrivacy Policy\nInitiate Return\nRewards\nRefer A Friend\nPay Later FAQs\nAmbassadors\nCOPYRIGHT \u00a9 2021 LANE 201\nAmazon\nAmerican Express\nApple Pay\nDiscover\nElo\nMastercard\nPayPal\nShop Pay\nVisa"
    },
    {
        "Text": ""
    },
    {
        "Text": "Skip to content\n\n35% OFF SITEWIDE | X2 POINTS FOR REWARDS\nWhat'S New\nWhat'S New\nShop All\nShop All\nThe Holiday Collection\nThe Holiday Collection\nCollections\nDresses\nDresses\nTops\nTops\nShoes\nShoes\nAccessories\nAccessories\nFinal Sale\nMy Account\nCart (0)\nHOLIDAY\n56 Products\nSORT\nLegally Yours Sequin Mini Dress\n$52.00\nHome By Midnight Dress\n$62.00\nMay Your Days Be Merry Babydoll Dress\n$78.00\nTake Me Out Puff Sleeve Top\n$58.00\nPass The Pie Corduroy Blazer\n$90.00\nOlive Blame It On Me Top\n$54.00\nCognac Blame It On Me Top\n$54.00\nWine Holiday Romance Dress\n$54.00\nBlue Holiday Romance Dress\n$54.00\nNOTIFY ME WHEN AVAILABLE\nSOLD OUT\nLana Lock Necklace\n$19.00\nDrop The Ball Earrings\n$22.00\nMagenta Nights On Broadway Velvet Dress\n$58.00\nGive Me A Reason Dress\n$52.00\nUnder The Mistletoe Dress\n$64.00\nBlack Kiss Me At Midnight Maxi Skirt\n$42.00\nTable For Two Satin Pants\n$48.00\nTable For Two Satin Top\n$44.00\nBlack Kiss Me At Midnight Crop Top\n$40.00\nSecretly Yours Collared Dress\n$68.00\nNight Out Midi Dress\n$60.00\nReady To Mingle Cutout Dress\n$47.00\nNOTIFY ME WHEN AVAILABLE\nSOLD OUT\nYou Got It Bodysuit\n$68.00\nMake It Clear Heel\n$70.00\nBetter Together Sweater Dress\n$68.00\nSpecial Occasion Cutout Dress\n$68.00\nDancing Queen Flare Pants\n$64.00\nDancing Queen Crop Top\n$60.00\nCocktail Party Mini Dress\n$72.00\nBlack Party With Me Dress\n$58.00\nTaupe Destination Date Night Tank\n$42.00\nA little sugar, a pinch of spice, and everything nice you'll want in your closet for the Holiday season! From Christmas morning to New Year's Eve, we have unique and affordable styles that you'll love. Whether you were naughty or nice this year, you need to check out our Holiday Collection! \nLANE 201\n510 Broadway Street\nNew Haven, IN 46774\nEmail: info@lane201.com\nCall or Text: 260-444-9147\nINFO\nAbout Us\nContact Us\nFAQ\nSitemap\nCareers\nVIP Text Club\nHELP\nSizing Guide\nShipping\nReturns\nGift Card\nPrivacy Policy\nInitiate Return\nRewards\nRefer A Friend\nPay Later FAQs\nAmbassadors\nCOPYRIGHT \u00a9 2021 LANE 201\nAmazon\nAmerican Express\nApple Pay\nDiscover\nElo\nMastercard\nPayPal\nShop Pay\nVisa"
    },
    {
        "Text": "Skip to content\n\n35% OFF SITEWIDE | X2 POINTS FOR REWARDS\nWhat'S New\nWhat'S New\nShop All\nShop All\nThe Holiday Collection\nThe Holiday Collection\nCollections\nDresses\nDresses\nTops\nTops\nShoes\nShoes\nAccessories\nAccessories\nFinal Sale\nMy Account\nCart (0)\nALL COLLECTIONS\nACCESSORIES\nVIEW PRODUCTS\nAJAX-UPSELL-ADDON\nVIEW PRODUCTS\nATHLEISURE\nVIEW PRODUCTS\nBASICS\nVIEW PRODUCTS\nBEST SELLERS\nVIEW PRODUCTS\nBODYSUITS\nVIEW PRODUCTS\nBOOTIES\nVIEW PRODUCTS\nBOTTOMS\nVIEW PRODUCTS\nBRALETTES\nVIEW PRODUCTS\nBUY 2, GET 1 FREE\nVIEW PRODUCTS\nCLOTHING\nVIEW PRODUCTS\nDENIM\nVIEW PRODUCTS\nDRESSES\nVIEW PRODUCTS\nFINAL SALE\nVIEW PRODUCTS\nGIFT CARD / GIFT CERTIFICATES\nVIEW PRODUCTS\nGRAPHIC TEES\nVIEW PRODUCTS\nHANDBAGS\nVIEW PRODUCTS\nHATS\nVIEW PRODUCTS\nHEELS\nVIEW PRODUCTS\nHOLIDAY\nVIEW PRODUCTS\nJACKETS\nVIEW PRODUCTS\nJEWELRY\nVIEW PRODUCTS\nJUMPSUITS\nVIEW PRODUCTS\nKIMONOS & CARDIGANS\nVIEW PRODUCTS\nLEGGINGS\nVIEW PRODUCTS\nMAXI\nVIEW PRODUCTS\nMIDI\nVIEW PRODUCTS\nMINI\nVIEW PRODUCTS\nNEW ARRIVALS\nVIEW PRODUCTS\nOUTERWEAR\nVIEW PRODUCTS\nPANTS\nVIEW PRODUCTS\nPLAY SUITS\nVIEW PRODUCTS\nRECOMMENDATION PRODUCTS\nVIEW PRODUCTS\nROMPERS\nVIEW PRODUCTS\nSALE ACCESSORIES\nVIEW PRODUCTS\nSALE ATHLEISURE\nVIEW PRODUCTS\nSALE BODYSUITS\nVIEW PRODUCTS\nSALE DENIM\nVIEW PRODUCTS\nSALE DRESSES\nVIEW PRODUCTS\nSALE JUMPSUITS / ROMPERS\nVIEW PRODUCTS\nSALE OUTERWEAR\nVIEW PRODUCTS\nSALE PANTS\nVIEW PRODUCTS\nSALE SETS\nVIEW PRODUCTS\nSALE SHORTS\nVIEW PRODUCTS\nSALE SWEATERS\nVIEW PRODUCTS\nSALE TOPS\nVIEW PRODUCTS\nSANDALS\nVIEW PRODUCTS\nSCARVES\nVIEW PRODUCTS\nSETS\nVIEW PRODUCTS\nSHOES\nVIEW PRODUCTS\nSHORTS\nVIEW PRODUCTS\nSKIRTS\nVIEW PRODUCTS\nSNEAKERS\nVIEW PRODUCTS\nSWEATERS\nVIEW PRODUCTS\nSWIMSUITS\nVIEW PRODUCTS\nSZN STEAL\nVIEW PRODUCTS\nTANKS\nVIEW PRODUCTS\nTEES\nVIEW PRODUCTS\nTHE FALL EDIT\nVIEW PRODUCTS\nTIE DYE\nVIEW PRODUCTS\nTOPS\nVIEW PRODUCTS\nWEDDING SZN\nVIEW PRODUCTS\nLANE 201\n510 Broadway Street\nNew Haven, IN 46774\nEmail: info@lane201.com\nCall or Text: 260-444-9147\nINFO\nAbout Us\nContact Us\nFAQ\nSitemap\nCareers\nVIP Text Club\nHELP\nSizing Guide\nShipping\nReturns\nGift Card\nPrivacy Policy\nInitiate Return\nRewards\nRefer A Friend\nPay Later FAQs\nAmbassadors\nCOPYRIGHT \u00a9 2021 LANE 201\nAmazon\nAmerican Express\nApple Pay\nDiscover\nElo\nMastercard\nPayPal\nShop Pay\nVisa"
    },
    {
        "Text": "Skip to content\n\n35% OFF SITEWIDE | X2 POINTS FOR REWARDS\nWhat'S New\nWhat'S New\nShop All\nShop All\nThe Holiday Collection\nThe Holiday Collection\nCollections\nDresses\nDresses\nTops\nTops\nShoes\nShoes\nAccessories\nAccessories\nFinal Sale\nMy Account\nCart (0)\nALL COLLECTIONS\nACCESSORIES\nVIEW PRODUCTS\nAJAX-UPSELL-ADDON\nVIEW PRODUCTS\nATHLEISURE\nVIEW PRODUCTS\nBASICS\nVIEW PRODUCTS\nBEST SELLERS\nVIEW PRODUCTS\nBODYSUITS\nVIEW PRODUCTS\nBOOTIES\nVIEW PRODUCTS\nBOTTOMS\nVIEW PRODUCTS\nBRALETTES\nVIEW PRODUCTS\nBUY 2, GET 1 FREE\nVIEW PRODUCTS\nCLOTHING\nVIEW PRODUCTS\nDENIM\nVIEW PRODUCTS\nDRESSES\nVIEW PRODUCTS\nFINAL SALE\nVIEW PRODUCTS\nGIFT CARD / GIFT CERTIFICATES\nVIEW PRODUCTS\nGRAPHIC TEES\nVIEW PRODUCTS\nHANDBAGS\nVIEW PRODUCTS\nHATS\nVIEW PRODUCTS\nHEELS\nVIEW PRODUCTS\nHOLIDAY\nVIEW PRODUCTS\nJACKETS\nVIEW PRODUCTS\nJEWELRY\nVIEW PRODUCTS\nJUMPSUITS\nVIEW PRODUCTS\nKIMONOS & CARDIGANS\nVIEW PRODUCTS\nLEGGINGS\nVIEW PRODUCTS\nMAXI\nVIEW PRODUCTS\nMIDI\nVIEW PRODUCTS\nMINI\nVIEW PRODUCTS\nNEW ARRIVALS\nVIEW PRODUCTS\nOUTERWEAR\nVIEW PRODUCTS\nPANTS\nVIEW PRODUCTS\nPLAY SUITS\nVIEW PRODUCTS\nRECOMMENDATION PRODUCTS\nVIEW PRODUCTS\nROMPERS\nVIEW PRODUCTS\nSALE ACCESSORIES\nVIEW PRODUCTS\nSALE ATHLEISURE\nVIEW PRODUCTS\nSALE BODYSUITS\nVIEW PRODUCTS\nSALE DENIM\nVIEW PRODUCTS\nSALE DRESSES\nVIEW PRODUCTS\nSALE JUMPSUITS / ROMPERS\nVIEW PRODUCTS\nSALE OUTERWEAR\nVIEW PRODUCTS\nSALE PANTS\nVIEW PRODUCTS\nSALE SETS\nVIEW PRODUCTS\nSALE SHORTS\nVIEW PRODUCTS\nSALE SWEATERS\nVIEW PRODUCTS\nSALE TOPS\nVIEW PRODUCTS\nSANDALS\nVIEW PRODUCTS\nSCARVES\nVIEW PRODUCTS\nSETS\nVIEW PRODUCTS\nSHOES\nVIEW PRODUCTS\nSHORTS\nVIEW PRODUCTS\nSKIRTS\nVIEW PRODUCTS\nSNEAKERS\nVIEW PRODUCTS\nSWEATERS\nVIEW PRODUCTS\nSWIMSUITS\nVIEW PRODUCTS\nSZN STEAL\nVIEW PRODUCTS\nTANKS\nVIEW PRODUCTS\nTEES\nVIEW PRODUCTS\nTHE FALL EDIT\nVIEW PRODUCTS\nTIE DYE\nVIEW PRODUCTS\nTOPS\nVIEW PRODUCTS\nWEDDING SZN\nVIEW PRODUCTS\nLANE 201\n510 Broadway Street\nNew Haven, IN 46774\nEmail: info@lane201.com\nCall or Text: 260-444-9147\nINFO\nAbout Us\nContact Us\nFAQ\nSitemap\nCareers\nVIP Text Club\nHELP\nSizing Guide\nShipping\nReturns\nGift Card\nPrivacy Policy\nInitiate Return\nRewards\nRefer A Friend\nPay Later FAQs\nAmbassadors\nCOPYRIGHT \u00a9 2021 LANE 201\nAmazon\nAmerican Express\nApple Pay\nDiscover\nElo\nMastercard\nPayPal\nShop Pay\nVisa"
    },
    {
        "Text": ""
    },
    {
        "Text": "Skip to content\n\n35% OFF SITEWIDE | X2 POINTS FOR REWARDS\nWhat'S New\nWhat'S New\nShop All\nShop All\nThe Holiday Collection\nThe Holiday Collection\nCollections\nDresses\nDresses\nTops\nTops\nShoes\nShoes\nAccessories\nAccessories\nFinal Sale\nMy Account\nCart (0)\nDRESSES\n234 Products\nSORT\nComfortable With You Sweater Dress\n$74.00\nNight Out Midi Dress\n$60.00\nReady For New Midi Dress\n$72.00\nMay Your Days Be Merry Babydoll Dress\n$78.00\nLegally Yours Sequin Mini Dress\n$52.00\nStay Sassy Maxi Dress\n$78.00\nMagenta Nights On Broadway Velvet Dress\n$58.00\nHome By Midnight Dress\n$62.00\nReady To Mingle Cutout Dress\n$47.00\nUnder The Mistletoe Dress\n$64.00\nNOTIFY ME WHEN AVAILABLE\nSOLD OUT\nTeal Nights On Broadway Velvet Dress\n$58.00\nBlue Holiday Romance Dress\n$54.00\nWine Holiday Romance Dress\n$54.00\nEvenings With You Mini Dress\n$48.00\nMake It A Double Dress\n$50.00\nBelieve In Love Dress\n$76.00\nBlack Party With Me Dress\n$58.00\nCocktail Party Mini Dress\n$72.00\nSpecial Occasion Cutout Dress\n$68.00\nBetter Together Sweater Dress\n$68.00\nSecretly Yours Collared Dress\n$68.00\nGive Me A Reason Dress\n$52.00\nFinley Woven Babydoll Dress\n$108.00\nNOTIFY ME WHEN AVAILABLE\nSOLD OUT\nGotta Have It Denim Dress\n$58.00\nOver The Top Sweater Dress\n$62.00\nNOTIFY ME WHEN AVAILABLE\nSOLD OUT\nOatmeal Harvest Season Sweater Dress\n$62.00\nEspresso Harvest Season Sweater Dress\n$62.00\nCozy Getaway Sweater Dress\n$44.00\nAll Access Metallic Mini Dress\n$54.00\nBrown Back To Reality Mini Dress\n$44.00\nFASHIONABLE WOMEN\u2019S BOUTIQUE DRESSES AT LANE 201\nWho doesn't love a chic and colorful look? We sure do! At Lane 201, we have a dress obsession because we know it\u2019s possible to throw on a dress for nearly every event! Need something for work in the middle of winter? Dress, leggings, booties \u2014 done! Going to a spring wedding? A sundress and wedges fit the bill.\nNo matter where you\u2019re going or who you\u2019re with, women\u2019s boutique dresses from Lane 201 will ensure you look amazing!\nDRESS STYLES & TRENDS\nSince we\u2019re always on top of the latest trends, Lane 201 has tons of ladies boutique dresses to meet your needs. Seasonal styles are available when you want them, and you\u2019ll find everything from long sleeve maxis to colorful midis to embroidered mini dresses available.\nLane 201 also stocks a huge variety of prints and patterns. Stripes, polka dots, and plaid \u2014 oh my! In addition to fun designs, we also mix in different dress materials all the time. Explore our collection for velvet, lace, embroidery, and more.\nGET THE RIGHT FIT\nWe want all the women who shop with us to feel great in every piece they buy! We encourage you to double check our sizing chart and compare our model\u2019s sizes before you make your choice. You wouldn\u2019t want to wait an extra week for that adorable midi dress while we exchange an incorrect size!\nOnce you\u2019ve found your new faves, don\u2019t forget to shop shoes and accessories to match your new women\u2019s boutique dresses. Shop Lane 201 now for all your closet candy!\nLANE 201\n510 Broadway Street\nNew Haven, IN 46774\nEmail: info@lane201.com\nCall or Text: 260-444-9147\nINFO\nAbout Us\nContact Us\nFAQ\nSitemap\nCareers\nVIP Text Club\nHELP\nSizing Guide\nShipping\nReturns\nGift Card\nPrivacy Policy\nInitiate Return\nRewards\nRefer A Friend\nPay Later FAQs\nAmbassadors\nCOPYRIGHT \u00a9 2021 LANE 201\nAmazon\nAmerican Express\nApple Pay\nDiscover\nElo\nMastercard\nPayPal\nShop Pay\nVisa"
    },
    {
        "Text": "Skip to content\n\n35% OFF SITEWIDE | X2 POINTS FOR REWARDS\nWhat'S New\nWhat'S New\nShop All\nShop All\nThe Holiday Collection\nThe Holiday Collection\nCollections\nDresses\nDresses\nTops\nTops\nShoes\nShoes\nAccessories\nAccessories\nFinal Sale\nMy Account\nCart (0)\nTOPS\n685 Products\nSORT\nSettled In Cable Knit Sweater\n$60.00\nThis Or That Reversible Coat\n$54.00\nBlack Twisted Feelings Top\n$58.00\nDonut Run Fleece Hoodie\n$48.00\nGet My Attention One Shoulder Sweater\n$49.00\nCream Snowed In Oversized Bomber\n$88.00\nPeach Snowed In Oversized Bomber\n$88.00\nPass The Pie Corduroy Blazer\n$90.00\nGive Me The Tea Top\n$49.00\nPut On A Smile Top\n$84.00\nTake Me Out Puff Sleeve Top\n$58.00\nCut To The Chase Sweater\n$52.00\nTake It From Me Flannel Shacket\n$62.00\nBlack Rebel Soul Rhinestone Sweatshirt\n$59.00\nWatch Me Grow Bodysuit\n$50.00\nDancing Queen Crop Top\n$60.00\nTaupe Destination Date Night Tank\n$42.00\nBlack Destination Date Night Tank\n$42.00\nFireside Chats Cardigan\n$64.00\nNOTIFY ME WHEN AVAILABLE\nSOLD OUT\nYou Got It Bodysuit\n$68.00\nTable For Two Satin Top\n$44.00\nBlack Kiss Me At Midnight Crop Top\n$40.00\nOlive Blame It On Me Top\n$54.00\nCognac Blame It On Me Top\n$54.00\nNOTIFY ME WHEN AVAILABLE\nSOLD OUT\nCocoa Puffer Coat\n$52.00\nI'M Not Jealous Tank\n$39.00\nMaren Wrap Top\n$52.00\nCan'T Handle Change Sweater\n$64.00\nNOTIFY ME WHEN AVAILABLE\nSOLD OUT\nNot Blue Over You Sweater\n$55.00\nCharcoal Corduroy Peplum Top\n$58.00\nSHOP TRENDY TOPS FOR WOMEN\nFrom cozy casual trendy tops for women to elegant work blouses, Lane 201 works hard to bring you a collection that meets all of your fashion needs. Looking for something that\u2019s perfect for a full day of bingeing Netflix shows? Try our comfy knit sweaters! Getting ready for a date night at the new hip restaurant? Go for something a bit sassier with an embellished tunic.\nSTYLES & TRENDS\nAt Lane 201, we\u2019re always ahead of the curve when it comes to the most popular fashion looks. Our selection is inspired by what\u2019s on-trend right now, and you can find new items in our online store every day. Seasonality is also a huge factor in our collections to ensure you find the perfect outfit for any weather. Whether you\u2019re shopping for long sleeve tops for women in the fall or flowery, flowy tops in the spring, you\u2019ll find it at Lane 201.\nSIZING & MATERIALS\nSince we source many of our trendy tops for women from a variety of different brands, each style has a slightly different fit. Make sure you check out our sizing guide and the model stats available on each product page before making your choice.\nTo ensure your beautiful tops last for years, we also recommend hand washing all your favorite pieces to avoid any stretching or damage to the fabric. While we do carry top quality fabrics, some of the knits and embellishments can be a little too delicate for the washing machine.\nWhatever you\u2019re looking for, we have it at Lane 201. Shop our tops today!\nLANE 201\n510 Broadway Street\nNew Haven, IN 46774\nEmail: info@lane201.com\nCall or Text: 260-444-9147\nINFO\nAbout Us\nContact Us\nFAQ\nSitemap\nCareers\nVIP Text Club\nHELP\nSizing Guide\nShipping\nReturns\nGift Card\nPrivacy Policy\nInitiate Return\nRewards\nRefer A Friend\nPay Later FAQs\nAmbassadors\nCOPYRIGHT \u00a9 2021 LANE 201\nAmazon\nAmerican Express\nApple Pay\nDiscover\nElo\nMastercard\nPayPal\nShop Pay\nVisa"
    },
    {
        "Text": "Skip to content\n\nFREE SHIPPING & RETURNS\nWhat'S New\nWhat'S New\nShop All\nShop All\nThe Holiday Collection\nThe Holiday Collection\nCollections\nDresses\nDresses\nTops\nTops\nShoes\nShoes\nAccessories\nAccessories\nFinal Sale\nMy Account\nCart (0)\nTOPS\n685 Products\nSORT\nSettled In Cable Knit Sweater\n$60.00\nThis Or That Reversible Coat\n$54.00\nBlack Twisted Feelings Top\n$58.00\nDonut Run Fleece Hoodie\n$48.00\nGet My Attention One Shoulder Sweater\n$49.00\nCream Snowed In Oversized Bomber\n$88.00\nPeach Snowed In Oversized Bomber\n$88.00\nPass The Pie Corduroy Blazer\n$90.00\nGive Me The Tea Top\n$49.00\nPut On A Smile Top\n$84.00\nTake Me Out Puff Sleeve Top\n$58.00\nCut To The Chase Sweater\n$52.00\nTake It From Me Flannel Shacket\n$62.00\nBlack Rebel Soul Rhinestone Sweatshirt\n$59.00\nWatch Me Grow Bodysuit\n$50.00\nDancing Queen Crop Top\n$60.00\nTaupe Destination Date Night Tank\n$42.00\nBlack Destination Date Night Tank\n$42.00\nFireside Chats Cardigan\n$64.00\nNOTIFY ME WHEN AVAILABLE\nSOLD OUT\nYou Got It Bodysuit\n$68.00\nTable For Two Satin Top\n$44.00\nBlack Kiss Me At Midnight Crop Top\n$40.00\nOlive Blame It On Me Top\n$54.00\nCognac Blame It On Me Top\n$54.00\nNOTIFY ME WHEN AVAILABLE\nSOLD OUT\nCocoa Puffer Coat\n$52.00\nI'M Not Jealous Tank\n$39.00\nMaren Wrap Top\n$52.00\nCan'T Handle Change Sweater\n$64.00\nNOTIFY ME WHEN AVAILABLE\nSOLD OUT\nNot Blue Over You Sweater\n$55.00\nCharcoal Corduroy Peplum Top\n$58.00\nSHOP TRENDY TOPS FOR WOMEN\nFrom cozy casual trendy tops for women to elegant work blouses, Lane 201 works hard to bring you a collection that meets all of your fashion needs. Looking for something that\u2019s perfect for a full day of bingeing Netflix shows? Try our comfy knit sweaters! Getting ready for a date night at the new hip restaurant? Go for something a bit sassier with an embellished tunic.\nSTYLES & TRENDS\nAt Lane 201, we\u2019re always ahead of the curve when it comes to the most popular fashion looks. Our selection is inspired by what\u2019s on-trend right now, and you can find new items in our online store every day. Seasonality is also a huge factor in our collections to ensure you find the perfect outfit for any weather. Whether you\u2019re shopping for long sleeve tops for women in the fall or flowery, flowy tops in the spring, you\u2019ll find it at Lane 201.\nSIZING & MATERIALS\nSince we source many of our trendy tops for women from a variety of different brands, each style has a slightly different fit. Make sure you check out our sizing guide and the model stats available on each product page before making your choice.\nTo ensure your beautiful tops last for years, we also recommend hand washing all your favorite pieces to avoid any stretching or damage to the fabric. While we do carry top quality fabrics, some of the knits and embellishments can be a little too delicate for the washing machine.\nWhatever you\u2019re looking for, we have it at Lane 201. Shop our tops today!\nLANE 201\n510 Broadway Street\nNew Haven, IN 46774\nEmail: info@lane201.com\nCall or Text: 260-444-9147\nINFO\nAbout Us\nContact Us\nFAQ\nSitemap\nCareers\nVIP Text Club\nHELP\nSizing Guide\nShipping\nReturns\nGift Card\nPrivacy Policy\nInitiate Return\nRewards\nRefer A Friend\nPay Later FAQs\nAmbassadors\nCOPYRIGHT \u00a9 2021 LANE 201\nAmazon\nAmerican Express\nApple Pay\nDiscover\nElo\nMastercard\nPayPal\nShop Pay\nVisa"
    },
    {
        "Text": "Skip to content\n\n35% OFF SITEWIDE | X2 POINTS FOR REWARDS\nWhat'S New\nWhat'S New\nShop All\nShop All\nThe Holiday Collection\nThe Holiday Collection\nCollections\nDresses\nDresses\nTops\nTops\nShoes\nShoes\nAccessories\nAccessories\nFinal Sale\nMy Account\nCart (0)\nSHOES\n\n56 Products\nSORT\nMake It Clear Heel\n$70.00\nCharcoal Journey Lace Up Boot\n$78.00\nCream Journey Lace Up Boot\n$78.00\nBlack Joanna Boot\n$75.00\nNOTIFY ME WHEN AVAILABLE\nSOLD OUT\nCream Joanna Boot\n$75.00\nStevie Snake Bootie\n$120.00\nDebbie Knit Sock Bootie\n$120.00\nKhloe Bootie\n$120.00\nNOTIFY ME WHEN AVAILABLE\nSOLD OUT\nDayla Croc Bootie\n$105.00\nON SALE\nIndy Black Strap Heel\n$90 $55\nNOTIFY ME WHEN AVAILABLE\nSOLD OUT\nChinese Laundry Laura Bootie\n$84.00\nJett Sandal\n$78.00\nLeopard Stevie Sandal\n$28.00\nClear Stevie Sandal\n$28.00\nNOTIFY ME WHEN AVAILABLE\nSOLD OUT\nLex Snake Print Sock Bootie\n$88.00\nON SALE\nSylvia Clear Block Heel\n$90 $55\nEden Slides\n$39.00\nEmilia Braided Sandal\n$30.00\nON SALE\nWhite Kendall Sandal\n$68 $38\nNOTIFY ME WHEN AVAILABLE\nSOLD OUT\nBeige Dolly Western Boot\n$120.00\nON SALE\nCarina Tortoise Platform Sandal\n$80 $55\nON SALE\nBristol Sandal\n$74 $45\nNOTIFY ME WHEN AVAILABLE\nSOLD OUT\nZasha Bootie\n$120.00\nON SALE\nKristina Croc Heel\n$88 $50\nON SALE\nBlack Roxee Platform Sandal\n$88 $50\nTeagan Bootie\n$130.00\nBlack Charlotte Sandal\n$20.00\nON SALE\nNude Charlotte Sandal\n$30 $20\nBlack Britney Sandal\n$30.00\nON SALE\nCognac Britney Sandal\n$30 $20\n\nLADIES ANKLE BOOTS AT LANE 201\nPart of the fun of creating an outfit is choosing the perfect shoe. Are you feeling fun and flirty? Why not add an adorable pair of booties to complete your look? Maybe you're going for that athleisure vibe with a platform sneaker to match your cute but comfy style. Whatever look you\u2019re going for, Lane 201 has the shoe for you! Check out our booties for women, sandals, and flats today and put your best foot forward.\nSTYLE AND SELECTION\nIn addition to tons of cute booties for women, Lane 201 also carries sandals, slip ons, flats, mules, and heels. Most styles are available in simple nudes and basics including taupe, black, brown, and grey. In our shoe selection, we usually get playful with materials more than colors. Try a women\u2019s leather ankle boot or a scalloped suede flat to amp up your outfit.\nFINDING THE RIGHT FIT\nThe right shoe size is the difference between struggling through your day and breezing through it with a spring in your step! Lane 201 carries shoes from several different designers, and each sizes their shoes a bit differently. Read through the product page descriptions to determine whether a shoe runs true to size, so you\u2019ll know if you need to buy a size up or a size down. If you\u2019re still not 100% sure, reach out to our team for more advice!\nDon\u2019t let your #OOTD down because you didn\u2019t have the perfect shoe. Find the shoes of your dreams at Lane 201 today!\nLANE 201\n510 Broadway Street\nNew Haven, IN 46774\nEmail: info@lane201.com\nCall or Text: 260-444-9147\nINFO\nAbout Us\nContact Us\nFAQ\nSitemap\nCareers\nVIP Text Club\nHELP\nSizing Guide\nShipping\nReturns\nGift Card\nPrivacy Policy\nInitiate Return\nRewards\nRefer A Friend\nPay Later FAQs\nAmbassadors\nCOPYRIGHT \u00a9 2021 LANE 201\nAmazon\nAmerican Express\nApple Pay\nDiscover\nElo\nMastercard\nPayPal\nShop Pay\nVisa"
    },
    {
        "Text": "Skip to content\n\nFREE SHIPPING & RETURNS\nWhat'S New\nWhat'S New\nShop All\nShop All\nThe Holiday Collection\nThe Holiday Collection\nCollections\nDresses\nDresses\nTops\nTops\nShoes\nShoes\nAccessories\nAccessories\nFinal Sale\nMy Account\nCart (0)\nSHOES\n\n56 Products\nSORT\nMake It Clear Heel\n$70.00\nCharcoal Journey Lace Up Boot\n$78.00\nCream Journey Lace Up Boot\n$78.00\nBlack Joanna Boot\n$75.00\nNOTIFY ME WHEN AVAILABLE\nSOLD OUT\nCream Joanna Boot\n$75.00\nStevie Snake Bootie\n$120.00\nDebbie Knit Sock Bootie\n$120.00\nKhloe Bootie\n$120.00\nNOTIFY ME WHEN AVAILABLE\nSOLD OUT\nDayla Croc Bootie\n$105.00\nON SALE\nIndy Black Strap Heel\n$90 $55\nNOTIFY ME WHEN AVAILABLE\nSOLD OUT\nChinese Laundry Laura Bootie\n$84.00\nJett Sandal\n$78.00\nLeopard Stevie Sandal\n$28.00\nClear Stevie Sandal\n$28.00\nNOTIFY ME WHEN AVAILABLE\nSOLD OUT\nLex Snake Print Sock Bootie\n$88.00\nON SALE\nSylvia Clear Block Heel\n$90 $55\nEden Slides\n$39.00\nEmilia Braided Sandal\n$30.00\nON SALE\nWhite Kendall Sandal\n$68 $38\nNOTIFY ME WHEN AVAILABLE\nSOLD OUT\nBeige Dolly Western Boot\n$120.00\nON SALE\nCarina Tortoise Platform Sandal\n$80 $55\nON SALE\nBristol Sandal\n$74 $45\nNOTIFY ME WHEN AVAILABLE\nSOLD OUT\nZasha Bootie\n$120.00\nON SALE\nKristina Croc Heel\n$88 $50\nON SALE\nBlack Roxee Platform Sandal\n$88 $50\nTeagan Bootie\n$130.00\nBlack Charlotte Sandal\n$20.00\nON SALE\nNude Charlotte Sandal\n$30 $20\nBlack Britney Sandal\n$30.00\nON SALE\nCognac Britney Sandal\n$30 $20\n\nLADIES ANKLE BOOTS AT LANE 201\nPart of the fun of creating an outfit is choosing the perfect shoe. Are you feeling fun and flirty? Why not add an adorable pair of booties to complete your look? Maybe you're going for that athleisure vibe with a platform sneaker to match your cute but comfy style. Whatever look you\u2019re going for, Lane 201 has the shoe for you! Check out our booties for women, sandals, and flats today and put your best foot forward.\nSTYLE AND SELECTION\nIn addition to tons of cute booties for women, Lane 201 also carries sandals, slip ons, flats, mules, and heels. Most styles are available in simple nudes and basics including taupe, black, brown, and grey. In our shoe selection, we usually get playful with materials more than colors. Try a women\u2019s leather ankle boot or a scalloped suede flat to amp up your outfit.\nFINDING THE RIGHT FIT\nThe right shoe size is the difference between struggling through your day and breezing through it with a spring in your step! Lane 201 carries shoes from several different designers, and each sizes their shoes a bit differently. Read through the product page descriptions to determine whether a shoe runs true to size, so you\u2019ll know if you need to buy a size up or a size down. If you\u2019re still not 100% sure, reach out to our team for more advice!\nDon\u2019t let your #OOTD down because you didn\u2019t have the perfect shoe. Find the shoes of your dreams at Lane 201 today!\nLANE 201\n510 Broadway Street\nNew Haven, IN 46774\nEmail: info@lane201.com\nCall or Text: 260-444-9147\nINFO\nAbout Us\nContact Us\nFAQ\nSitemap\nCareers\nVIP Text Club\nHELP\nSizing Guide\nShipping\nReturns\nGift Card\nPrivacy Policy\nInitiate Return\nRewards\nRefer A Friend\nPay Later FAQs\nAmbassadors\nCOPYRIGHT \u00a9 2021 LANE 201\nAmazon\nAmerican Express\nApple Pay\nDiscover\nElo\nMastercard\nPayPal\nShop Pay\nVisa"
    },
    {
        "Text": ""
    },
    {
        "Text": "Skip to content\n\n35% OFF SITEWIDE | X2 POINTS FOR REWARDS\nWhat'S New\nWhat'S New\nShop All\nShop All\nThe Holiday Collection\nThe Holiday Collection\nCollections\nDresses\nDresses\nTops\nTops\nShoes\nShoes\nAccessories\nAccessories\nFinal Sale\nMy Account\nCart (0)\nACCESSORIES\n62 Products\nSORT\nMore Classy And Fabulous Necklace\n$30.00\nDrop The Ball Earrings\n$22.00\nNOTIFY ME WHEN AVAILABLE\nSOLD OUT\nLana Lock Necklace\n$19.00\nVIP List Ring\n$22.00\nNOTIFY ME WHEN AVAILABLE\nSOLD OUT\nJust Another Notch Ring\n$14.00\nNOTIFY ME WHEN AVAILABLE\nSOLD OUT\nBeige Flat Brim Hat\n$55.00\nDeja Vu Ring\n$22.00\nNOTIFY ME WHEN AVAILABLE\nSOLD OUT\nGold Cali Ring\n$15.00\nEye Candy Hoop\n$12.00\nGold Foolish Ring\n$14.00\nBreast Petals\n$10.00\nNOTIFY ME WHEN AVAILABLE\nSOLD OUT\nGone To The Beach Earrings\n$20.00\nNOTIFY ME WHEN AVAILABLE\nSOLD OUT\nClassy And Fabulous Necklace\n$25.00\nLove The Game Ring\n$18.00\nNOTIFY ME WHEN AVAILABLE\nSOLD OUT\nTry Again Ring\n$14.00\nBroken Heart Bracelet\n$28.00\nHold Tight Ring\n$28.00\nNOTIFY ME WHEN AVAILABLE\nSOLD OUT\nThe Rumors Are True Ring Set\n$25.00\nNOTIFY ME WHEN AVAILABLE\nSOLD OUT\nEverything You Need Layered Necklace\n$18.00\nWish You Would Bracelet\n$18.00\nDeja Vu Bracelet\n$44.00\nSnake Huggie Hoop Earring\n$22.00\nSeaside Straw Hat\n$38.00\nLuna Chain Link Necklace\n$26.00\nAva Chain Link Earring\n$24.00\nNOTIFY ME WHEN AVAILABLE\nSOLD OUT\nSelena Layered Chain Necklace\n$28.00\nON SALE\nBlack Basket Weave Bag\n$38 $28\nKhaki Send It Shoulder Bag\n$30.00\nIvory Send It Shoulder Bag\n$30.00\nON SALE\nGrey Send It Shoulder Bag\n$30 $18\nBOUTIQUE PURSES, HATS, JEWELRY, & MORE!\nWhether you\u2019re looking for the perfect purse to match a new outfit or you need to get a seasonal hat to match the weather, Lane 201 has all the cute accessories to complete any outfit. Our clothing and accessories can take you from work to brunch to yoga effortlessly. Explore our collection of handbags, jewelry, hats, mittens, scarves, and bralettes today!\nPURSES, CLUTCHES, & BACKPACKS \u2014 OH MY!\nLane 201 is all about bringing you the variety and fashion forward pieces you\u2019re craving to add to your closet! Each season, we\u2019re hunting down runway favorites and on-trend styles \u2014 like olive faux leather backpacks and two-toned boutique purses. Find something new every week when you shop our accessories collection!\nWINTER WEATHER ACCESSORIES\nAt Lane 201, we want you to be ready for every season! Find the perfect beanies, mittens, or scarves to keep you warm and toasty. Warm woolens and patterned knits make up most of these items, but we also stay on trend by stocking everyone\u2019s fave prints like leopard, plaid, and houndstooth! You\u2019ll also find plenty of tassels, pom poms, and fringe embellishments!\nGORGEOUS JEWELRY\nWhile earrings are our favorite pieces to throw on before we run out the door, Lane 201 makes sure to offer a broad variety of bracelets, necklaces, and more so you can accessorize as much as you want! From colorful boho styles to sleek metallic looks, we have everything you need to be dripping in jewels.\nSHOP LANE 201\nShopping at Lane 201 makes finding every part of your outfit a breeze. Go from browsing tops and dresses straight to our boutique purses with a click of your finger. Shop for any occasion at Lane 201 now!\nLANE 201\n510 Broadway Street\nNew Haven, IN 46774\nEmail: info@lane201.com\nCall or Text: 260-444-9147\nINFO\nAbout Us\nContact Us\nFAQ\nSitemap\nCareers\nVIP Text Club\nHELP\nSizing Guide\nShipping\nReturns\nGift Card\nPrivacy Policy\nInitiate Return\nRewards\nRefer A Friend\nPay Later FAQs\nAmbassadors\nCOPYRIGHT \u00a9 2021 LANE 201\nAmazon\nAmerican Express\nApple Pay\nDiscover\nElo\nMastercard\nPayPal\nShop Pay\nVisa"
    },
    {
        "Text": ""
    },
    {
        "Text": "Skip to content\n\nFREE SHIPPING & RETURNS\nWhat'S New\nWhat'S New\nShop All\nShop All\nThe Holiday Collection\nThe Holiday Collection\nCollections\nDresses\nDresses\nTops\nTops\nShoes\nShoes\nAccessories\nAccessories\nFinal Sale\nMy Account\nCart (0)\nSZN STEAL\nHeather Grey All Set Hoodie\n$20.00\nAspen Nights Sherpa Jacket\n$30.00\nHeather Grey All Set Joggers\n$20.00\nNOTIFY ME WHEN AVAILABLE\nSOLD OUT\nLet'S Get Toasty Plaid Shacket\n$35.00\nVIEW ALL PRODUCTS\nBEST SELLERS\nTan Free Falling Quilted Jacket\n$138.00\nCharcoal Free Falling Quilted Jacket\n$138.00\nCognac After Dark Mini Dress\n$54.00\nAqua After Dark Mini Dress\n$54.00\nVIEW BEST SELLERS\nEXPLORE OUR COLLECTIONS\n  Welcome to Lane 201 - Women's Clothing Boutique\nWANT 25% OFF? \nSign up for SMS + Email to get an instant discount! Be the first to know of exclusive offers and hot new arrivals.\n\ud83c\uddfa\ud83c\uddf8 United States\n\ud83c\udde8\ud83c\udde6 Canada\n\ud83c\udde6\ud83c\uddfa Australia\n\ud83c\uddec\ud83c\udde7 United Kingdom\n\ud83c\udde6\ud83c\uddeb Afghanistan\n\ud83c\udde6\ud83c\uddf1 Albania\n\ud83c\udde9\ud83c\uddff Algeria\n\ud83c\udde6\ud83c\uddf8 American Samoa\n\ud83c\udde6\ud83c\udde9 Andorra\n\ud83c\udde6\ud83c\uddf4 Angola\n\ud83c\udde6\ud83c\uddee Anguilla\n\ud83c\udde6\ud83c\uddec Antigua and Barbuda\n\ud83c\udde6\ud83c\uddf7 Argentina\n\ud83c\udde6\ud83c\uddf2 Armenia\n\ud83c\udde6\ud83c\uddfc Aruba\n\ud83c\udde6\ud83c\uddf9 Austria\n\ud83c\udde6\ud83c\uddff Azerbaijan\n\ud83c\udde7\ud83c\udded Bahrain\n\ud83c\udde7\ud83c\udde9 Bangladesh\n\ud83c\udde7\ud83c\udde7 Barbados\n\ud83c\udde7\ud83c\uddfe Belarus\n\ud83c\udde7\ud83c\uddea Belgium\n\ud83c\udde7\ud83c\uddff Belize\n\ud83c\udde7\ud83c\uddef Benin\n\ud83c\udde7\ud83c\uddf2 Bermuda\n\ud83c\udde7\ud83c\uddf9 Bhutan\n\ud83c\udde7\ud83c\uddf4 Bolivia\n\ud83c\udde7\ud83c\udde6 Bosnia and Herzegovina\n\ud83c\udde7\ud83c\uddfc Botswana\n\ud83c\udde7\ud83c\uddf7 Brazil\n\ud83c\uddee\ud83c\uddf4 British Indian Ocean Territory\n\ud83c\uddfb\ud83c\uddec British Virgin Islands\n\ud83c\udde7\ud83c\uddf3 Brunei\n\ud83c\udde7\ud83c\uddec Bulgaria\n\ud83c\udde7\ud83c\uddeb Burkina Faso\n\ud83c\uddf2\ud83c\uddf2 Burma Myanmar\n\ud83c\udde7\ud83c\uddee Burundi\n\ud83c\uddf0\ud83c\udded Cambodia\n\ud83c\udde8\ud83c\uddf2 Cameroon\n\ud83c\udde8\ud83c\uddfb Cape Verde\n\ud83c\uddf0\ud83c\uddfe Cayman Islands\n\ud83c\udde8\ud83c\uddeb Central African Republic\n\ud83c\uddf9\ud83c\udde9 Chad\n\ud83c\udde8\ud83c\uddf1 Chile\n\ud83c\udde8\ud83c\uddf3 China\n\ud83c\udde8\ud83c\uddf4 Colombia\n\ud83c\uddf0\ud83c\uddf2 Comoros\n\ud83c\udde8\ud83c\uddf0 Cook Islands\n\ud83c\udde8\ud83c\uddf7 Costa Rica\n\ud83c\udded\ud83c\uddf7 Croatia\n\ud83c\udde8\ud83c\uddfa Cuba\n\ud83c\udde8\ud83c\uddfe Cyprus\n\ud83c\udde8\ud83c\uddff Czech Republic\n\ud83c\udde8\ud83c\udde9 Democratic Republic of Congo\n\ud83c\udde9\ud83c\uddf0 Denmark\n\ud83c\udde9\ud83c\uddef Djibouti\n\ud83c\udde9\ud83c\uddf2 Dominica\n\ud83c\udde9\ud83c\uddf4 Dominican Republic\n\ud83c\uddea\ud83c\udde8 Ecuador\n\ud83c\uddea\ud83c\uddec Egypt\n\ud83c\uddf8\ud83c\uddfb El Salvador\n\ud83c\uddec\ud83c\uddf6 Equatorial Guinea\n\ud83c\uddea\ud83c\uddf7 Eritrea\n\ud83c\uddea\ud83c\uddea Estonia\n\ud83c\uddea\ud83c\uddf9 Ethiopia\n\ud83c\uddeb\ud83c\uddf0 Falkland Islands\n\ud83c\uddeb\ud83c\uddf4 Faroe Islands\n\ud83c\uddeb\ud83c\uddf2 Federated States of Micronesia\n\ud83c\uddeb\ud83c\uddef Fiji\n\ud83c\uddeb\ud83c\uddee Finland\n\ud83c\uddeb\ud83c\uddf7 France\n\ud83c\uddec\ud83c\uddeb French Guiana\n\ud83c\uddf5\ud83c\uddeb French Polynesia\n\ud83c\uddec\ud83c\udde6 Gabon\n\ud83c\uddec\ud83c\uddea Georgia\n\ud83c\udde9\ud83c\uddea Germany\n\ud83c\uddec\ud83c\udded Ghana\n\ud83c\uddec\ud83c\uddee Gibraltar\n\ud83c\uddec\ud83c\uddf7 Greece\n\ud83c\uddec\ud83c\uddf1 Greenland\n\ud83c\uddec\ud83c\udde9 Grenada\n\ud83c\uddec\ud83c\uddf5 Guadeloupe\n\ud83c\uddec\ud83c\uddfa Guam\n\ud83c\uddec\ud83c\uddf9 Guatemala\n\ud83c\uddec\ud83c\uddf3 Guinea\n\ud83c\uddec\ud83c\uddfc Guinea-Bissau\n\ud83c\uddec\ud83c\uddfe Guyana\n\ud83c\udded\ud83c\uddf9 Haiti\n\ud83c\udded\ud83c\uddf3 Honduras\n\ud83c\udded\ud83c\uddf0 Hong Kong\n\ud83c\udded\ud83c\uddfa Hungary\n\ud83c\uddee\ud83c\uddf8 Iceland\n\ud83c\uddee\ud83c\uddf3 India\n\ud83c\uddee\ud83c\udde9 Indonesia\n\ud83c\uddee\ud83c\uddf7 Iran\n\ud83c\uddee\ud83c\uddf6 Iraq\n\ud83c\uddee\ud83c\uddea Ireland\n\ud83c\uddee\ud83c\uddf1 Israel\n\ud83c\uddee\ud83c\uddf9 Italy\n\ud83c\udde8\ud83c\uddee Ivory Coast\n\ud83c\uddef\ud83c\uddf2 Jamaica\n\ud83c\uddef\ud83c\uddf5 Japan\n\ud83c\uddef\ud83c\uddf4 Jordan\n\ud83c\uddf0\ud83c\uddff Kazakhstan\n\ud83c\uddf0\ud83c\uddea Kenya\n\ud83c\uddf0\ud83c\uddee Kiribati\n\ud83c\uddf0\ud83c\uddfc Kuwait\n\ud83c\uddf0\ud83c\uddec Kyrgyzstan\n\ud83c\uddf1\ud83c\udde6 Laos\n\ud83c\uddf1\ud83c\uddfb Latvia\n\ud83c\uddf1\ud83c\udde7 Lebanon\n\ud83c\uddf1\ud83c\uddf8 Lesotho\n\ud83c\uddf1\ud83c\uddf7 Liberia\n\ud83c\uddf1\ud83c\uddfe Libya\n\ud83c\uddf1\ud83c\uddee Liechtenstein\n\ud83c\uddf1\ud83c\uddf9 Lithuania\n\ud83c\uddf1\ud83c\uddfa Luxembourg\n\ud83c\uddf2\ud83c\uddf4 Macau\n\ud83c\uddf2\ud83c\uddf0 Macedonia\n\ud83c\uddf2\ud83c\uddec Madagascar\n\ud83c\uddf2\ud83c\uddfc Malawi\n\ud83c\uddf2\ud83c\uddfe Malaysia\n\ud83c\uddf2\ud83c\uddfb Maldives\n\ud83c\uddf2\ud83c\uddf1 Mali\n\ud83c\uddf2\ud83c\uddf9 Malta\n\ud83c\uddf2\ud83c\udded Marshall Islands\n\ud83c\uddf2\ud83c\uddf6 Martinique\n\ud83c\uddf2\ud83c\uddf7 Mauritania\n\ud83c\uddf2\ud83c\uddfa Mauritius\n\ud83c\uddfe\ud83c\uddf9 Mayotte\n\ud83c\uddf2\ud83c\uddfd Mexico\n\ud83c\uddf2\ud83c\udde9 Moldova\n\ud83c\uddf2\ud83c\udde8 Monaco\n\ud83c\uddf2\ud83c\uddf3 Mongolia\n\ud83c\uddf2\ud83c\uddea Montenegro\n\ud83c\uddf2\ud83c\udde6 Morocco\n\ud83c\uddf2\ud83c\uddf8 Montserrat\n\ud83c\uddf2\ud83c\uddff Mozambique\n\ud83c\uddf3\ud83c\udde6 Namibia\n\ud83c\uddf3\ud83c\uddf7 Nauru\n\ud83c\uddf3\ud83c\uddf5 Nepal\n\ud83c\uddf3\ud83c\uddf1 Netherlands\n\ud83c\udde6\ud83c\uddf3 Netherlands Antilles\n\ud83c\uddf3\ud83c\udde8 New Caledonia\n\ud83c\uddf3\ud83c\uddff New Zealand\n\ud83c\uddf3\ud83c\uddee Nicaragua\n\ud83c\uddf3\ud83c\uddea Niger\n\ud83c\uddf3\ud83c\uddec Nigeria\n\ud83c\uddf3\ud83c\uddfa Niue\n\ud83c\uddf3\ud83c\uddeb Norfolk Island\n\ud83c\uddf0\ud83c\uddf5 North Korea\n\ud83c\uddf2\ud83c\uddf5 Northern Mariana Islands\n\ud83c\uddf3\ud83c\uddf4 Norway\n\ud83c\uddf4\ud83c\uddf2 Oman\n\ud83c\uddf5\ud83c\uddf0 Pakistan\n\ud83c\uddf5\ud83c\uddfc Palau\n\ud83c\uddf5\ud83c\uddf8 Palestine\n\ud83c\uddf5\ud83c\udde6 Panama\n\ud83c\uddf5\ud83c\uddec Papua New Guinea\n\ud83c\uddf5\ud83c\uddfe Paraguay\n\ud83c\uddf5\ud83c\uddea Peru\n\ud83c\uddf5\ud83c\udded Philippines\n\ud83c\uddf5\ud83c\uddf1 Poland\n\ud83c\uddf5\ud83c\uddf9 Portugal\n\ud83c\uddf5\ud83c\uddf7 Puerto Rico\n\ud83c\uddf6\ud83c\udde6 Qatar\n\ud83c\udde8\ud83c\uddec Republic of the Congo\n\ud83c\uddf7\ud83c\uddea R\u00e9union\n\ud83c\uddf7\ud83c\uddf4 Romania\n\ud83c\uddf7\ud83c\uddfa Russia\n\ud83c\uddf7\ud83c\uddfc Rwanda\n\ud83c\uddf8\ud83c\udded Saint Helena\n\ud83c\uddf1\ud83c\udde8 Saint Lucia\n\ud83c\uddf0\ud83c\uddf3 Saint Kitts and Nevis\n\ud83c\uddf5\ud83c\uddf2 Saint Pierre and Miquelon\n\ud83c\uddfb\ud83c\udde8 Saint Vincent and the Grenadines\n\ud83c\uddfc\ud83c\uddf8 Samoa\n\ud83c\uddf8\ud83c\uddf2 San Marino\n\ud83c\uddf8\ud83c\uddf9 S\u00e3o Tom\u00e9 and Pr\u00edncipe\n\ud83c\uddf8\ud83c\udde6 Saudi Arabia\n\ud83c\uddf8\ud83c\uddf3 Senegal\n\ud83c\uddf7\ud83c\uddf8 Serbia\n\ud83c\uddf8\ud83c\udde8 Seychelles\n\ud83c\uddf8\ud83c\uddf1 Sierra Leone\n\ud83c\uddf8\ud83c\uddec Singapore\n\ud83c\uddf8\ud83c\uddf0 Slovakia\n\ud83c\uddf8\ud83c\uddee Slovenia\n\ud83c\uddf8\ud83c\udde7 Solomon Islands\n\ud83c\uddf8\ud83c\uddf4 Somalia\n\ud83c\uddff\ud83c\udde6 South Africa\n\ud83c\uddf0\ud83c\uddf7 South Korea\n\ud83c\uddf8\ud83c\uddf8 South Sudan\n\ud83c\uddea\ud83c\uddf8 Spain\n\ud83c\uddf1\ud83c\uddf0 Sri Lanka\n\ud83c\uddf8\ud83c\udde9 Sudan\n\ud83c\uddf8\ud83c\uddf7 Suriname\n\ud83c\uddf8\ud83c\uddff Swaziland\n\ud83c\uddf8\ud83c\uddea Sweden\n\ud83c\udde8\ud83c\udded Switzerland\n\ud83c\uddf8\ud83c\uddfe Syria\n\ud83c\uddf9\ud83c\uddfc Taiwan\n\ud83c\uddf9\ud83c\uddef Tajikistan\n\ud83c\uddf9\ud83c\uddff Tanzania\n\ud83c\uddf9\ud83c\udded Thailand\n\ud83c\udde7\ud83c\uddf8 The Bahamas\n\ud83c\uddec\ud83c\uddf2 The Gambia\n\ud83c\uddf9\ud83c\uddf1 Timor-Leste\n\ud83c\uddf9\ud83c\uddec Togo\n\ud83c\uddf9\ud83c\uddf0 Tokelau\n\ud83c\uddf9\ud83c\uddf4 Tonga\n\ud83c\uddf9\ud83c\uddf9 Trinidad and Tobago\n\ud83c\uddf9\ud83c\uddf3 Tunisia\n\ud83c\uddf9\ud83c\uddf7 Turkey\n\ud83c\uddf9\ud83c\uddf2 Turkmenistan\n\ud83c\uddf9\ud83c\uddfb Tuvalu\n\ud83c\uddf9\ud83c\udde8 Turks and Caicos Islands\n\ud83c\uddfa\ud83c\uddec Uganda\n\ud83c\uddfa\ud83c\udde6 Ukraine\n\ud83c\udde6\ud83c\uddea United Arab Emirates\n\ud83c\uddfa\ud83c\uddfe Uruguay\n\ud83c\uddfa\ud83c\uddff Uzbekistan\n\ud83c\uddfb\ud83c\uddfa Vanuatu\n\ud83c\uddfb\ud83c\udde6 Vatican City\n\ud83c\uddfb\ud83c\uddea Venezuela\n\ud83c\uddfb\ud83c\uddf3 Vietnam\n\ud83c\uddfc\ud83c\uddeb Wallis and Futuna\n\ud83c\uddfe\ud83c\uddea Yemen\n\ud83c\uddff\ud83c\uddf2 Zambia\n\ud83c\uddff\ud83c\uddfc Zimbabwe\nSubscribe \ud83d\ude0a\nBy signing up via text you agree to receive recurring automated marketing messages and shopping cart reminders at the phone number provided. Consent is not a condition of purchase. Reply STOP to unsubscribe. HELP for help. Msg & Data rates may apply. View Privacy Policy & ToS\nLANE 201\n510 Broadway Street\nNew Haven, IN 46774\nEmail: info@lane201.com\nCall or Text: 260-444-9147\nINFO\nAbout Us\nContact Us\nFAQ\nSitemap\nCareers\nVIP Text Club\nHELP\nSizing Guide\nShipping\nReturns\nGift Card\nPrivacy Policy\nInitiate Return\nRewards\nRefer A Friend\nPay Later FAQs\nAmbassadors\nCOPYRIGHT \u00a9 2021 LANE 201\nAmazon\nAmerican Express\nApple Pay\nDiscover\nElo\nMastercard\nPayPal\nShop Pay\nVisa"
    }
]